公司名稱,公司網址,職務名稱,職務網址,接受身份,工作經歷,學歷要求,科系要求,語文條件,擅長工具,工作技能,其他條件
台灣富士全錄股份有限公司,https://www.104.com.tw/company/1mpl4c0,RPA技術分析師,https://www.104.com.tw/job/ajax/content/6tejt,"['上班族', '原住民']",1年以上,大學、碩士,['資訊管理相關'],['英文:聽 /中等、說 /中等、讀 /精通、寫 /精通'],"['Excel', 'Outlook', 'PowerPoint', 'Word']",無,"['1.MS', 'Office文書能力', '2.公司提供筆電', '3.熟悉以下任一語言：VBA/VB.NET/JAVA/C#', '4.具備以下任一語言基礎：PowerShell', '/', 'Bash', '/', 'Python', '/', 'JavaScript', '5.具備任一', 'RDBMS', '操作以及SQL', 'Statement基礎', '6.具備前端', 'HTML5', '/', 'CSS', '或任一', 'Front', 'End', 'Framework', '概念', '7.具備', '00P', '/', 'Web', 'Service', '/', 'RESTful', 'API', '概念', '8.具備與團隊以及外部使用者保持良好關係的能力', '9.具備主動積極的心態，並對技術有熱情，有意願學習新技術', 'Nice', 'To', 'Have:', '1.具有', 'Git', '/', 'Bitbucket', '經驗', '2.具有', 'Puppet', '/', 'Ansible', '/', 'Jenkins', '3.具有', 'Docker', '/', 'Kubernetes', '/', 'GCP', '/', 'AWS', '基礎概念', '4.具耔MVC/網路架構/系統架構/資料結構/演算法/網路爬蟲基礎概念', '5.對透過程式/軟體/工具進行流程自動化有興趣', '6.有意願往系統分析師/系統架構師的職涯發展', '7.曾參與過以', 'Agile/Scrum', '進行之專案開發流程']"
千手數位科技股份有限公司,https://www.104.com.tw/company/1a2x6bl7wd,網頁爬蟲工程師,https://www.104.com.tw/job/ajax/content/6ybcj,"['上班族', '應屆畢業生', '夜間就讀中', '研發替代役', '原住民', '二度就業']",不拘,專科以上,無,無,無,無,"['熟悉視覺化呈現數據並有實作經驗者加分', '熟悉docker或具備分散式爬蟲設計經驗者優先錄取', '我們期待工作夥伴對新技術有熱情及渴望，具備自我學習及研究的能力。', '具耐心及細心加分，擅長團隊合作。', '須具有獨立工作能力。']"
倢思數位科技股份有限公司,https://www.104.com.tw/company/1a2x6bk5pg,網頁爬蟲工程師,https://www.104.com.tw/job/ajax/content/6wwkw,"['上班族', '應屆畢業生', '研發替代役', '原住民', '二度就業', '中壯齡']",不拘,大學以上,無,無,無,無,"['熟悉視覺化呈現數據並有實作經驗者加分', '熟悉docker或具備分散式爬蟲設計經驗者優先錄取', '我們期待工作夥伴對新技術有熱情及渴望，具備自我學習及研究的能力。', '具耐心及細心加分，擅長團隊合作。', '須具有獨立工作能力。']"
彩虹雲端科技有限公司,https://www.104.com.tw/company/1a2x6bjvqn,Python 爬蟲工程師,https://www.104.com.tw/job/ajax/content/6qgsx,"['上班族', '應屆畢業生', '日間就讀中', '夜間就讀中', '研發替代役', '外籍人士', '原住民', '二度就業', '中壯齡', '中高齡', '高齡', '更生人', '學生實習']",2年以上,不拘,無,無,無,無,無
聖璟科技有限公司,https://www.104.com.tw/company/1a2x6bl7yt,爬蟲工程師,https://www.104.com.tw/job/ajax/content/6yd0x,"['上班族', '應屆畢業生', '原住民', '二度就業']",不拘,不拘,無,無,無,無,無
伊諾科技有限公司,https://www.104.com.tw/company/1a2x6bkxph,不希望只能召喚爬蟲的 Python 工程師,https://www.104.com.tw/job/ajax/content/6ucvg,['上班族'],3年以上,大學以上,無,無,['Python'],無,"['好的開始帶你上天堂，而好的開始包含但不限於以下技能：', '熟悉', 'GraphQL', '並有實際使用經驗。', '熟悉', 'tornado,', 'Django,', 'Celery,', 'Scrapy', '等相關框架。', '熟悉', 'Docker,', 'Kubernetes。', '熟悉設計模式（design', 'patterns）及微服務架構設計。', '有熱情去培養寬廣的技術視野，願意積極了解當前技術發展。']"
帕奇巨科技有限公司,https://www.104.com.tw/company/1a2x6bkv1j,"Python爬蟲程式工讀生, 學校實習可",https://www.104.com.tw/job/ajax/content/6wleb,"['日間就讀中', '夜間就讀中', '研發替代役', '學生實習']",不拘,專科以上,無,無,無,無,['不接受遠距工作']
前進智能股份有限公司,https://www.104.com.tw/company/1a2x6bknpq,爬蟲開發工程師 (學生實習、長期兼職),https://www.104.com.tw/job/ajax/content/6rriz,"['上班族', '應屆畢業生', '日間就讀中', '夜間就讀中', '研發替代役', '原住民', '二度就業', '學生實習']",不拘,大學以上,"['資訊工程相關', '資訊管理相關']",無,無,無,無
台盈資訊科技有限公司,https://www.104.com.tw/company/1a2x6bkaqj,Python 工程師,https://www.104.com.tw/job/ajax/content/6pw99,['上班族'],1年以上,不拘,無,無,['Python'],無,"['1.具備', 'Python相關工作經驗', '2.爬蟲程式製作的基礎知識與經驗']"
台盈資訊科技有限公司,https://www.104.com.tw/company/1a2x6bkaqj,Python 資深工程師,https://www.104.com.tw/job/ajax/content/6ngr8,['上班族'],3年以上,大學以上,無,無,['Python'],無,"['[基本要求]', '-', '要求具備使用', 'Python', '開發高效能爬蟲工具，或自動化軟體', '-', '爬蟲程式開發相關工作經驗', '3', '年以上', '-', '其他面議']"
犀牛盾_愛進化科技股份有限公司,https://www.104.com.tw/company/1a2x6bidoq,暑期實習工程師,https://www.104.com.tw/job/ajax/content/6xrgj,['學生實習'],不拘,大學、碩士,無,無,"['PHP', 'Python', 'MySQL', 'JavaScript']",無,"['-', '具認真負責和願意學習的心', '-', '具團隊合作與良好溝通能力']"
全富數位有限公司,https://www.104.com.tw/company/1a2x6bi34e,後端工程師 Python Engineer,https://www.104.com.tw/job/ajax/content/6izvs,"['上班族', '應屆畢業生', '日間就讀中', '夜間就讀中', '研發替代役', '外籍人士', '原住民', '二度就業', '學生實習']",不拘,不拘,無,無,無,無,無
詮㼆資訊開發有限公司,https://www.104.com.tw/company/1a2x6bjjj9,後端工程師,https://www.104.com.tw/job/ajax/content/6y4ap,"['上班族', '應屆畢業生', '日間就讀中', '夜間就讀中', '原住民', '二度就業']",1年以上,專科以上,['資訊工程相關'],無,"['PHP', 'Python']","['伺服器網站管理維護', '電腦設備裝配', '網路資料傳輸', '安全性測試(Security test)', '網路程式設計']","['1.', '熟悉PHP,', 'Python', '程式語言且有爬蟲經驗', '2.', '有網頁架設經驗', 'HTML、CSS、JS、MYSQL', '3.', '熟悉伺服器架設', '運作原理', '4.', '對資訊安全、滲透測試有興趣', '5.', '有基本SEO概念佳', '6.', '願意學習其他軟體操作與使用', '7.', '有電腦組裝經驗佳', '8.', '資訊相關科系畢業尤佳。']"
AsiaYo_亞洲遊科技股份有限公司,https://www.104.com.tw/company/1a2x6bjmm7,資深後端工程師Senior Backend,https://www.104.com.tw/job/ajax/content/4vqpf,['上班族'],3年以上,大學以上,['資訊工程相關'],無,無,無,['科系限制：資訊科學學門']
圓周律資訊有限公司,https://www.104.com.tw/company/1a2x6bjx7e,軟體工程師,https://www.104.com.tw/job/ajax/content/6u284,"['上班族', '外籍人士', '原住民', '二度就業', '中壯齡', '中高齡']",1年以上,不拘,無,['英文:聽 /中等、說 /中等、讀 /中等、寫 /中等'],"['Linux', 'UNIX', 'PHP', 'Database Management', 'JavaScript']","['軟體程式設計', '網路程式設計', '資料庫程式設計']","['熟悉至少一套PHP', 'Framework(Laravel更佳)', '熟悉至少一套Unix', 'like作業系統']"
創順科技有限公司,https://www.104.com.tw/company/1a2x6bk72b,後端工程師 Back-end Engineer ( Python ),https://www.104.com.tw/job/ajax/content/5oxtq,"['上班族', '應屆畢業生']",不拘,大學以上,無,['英文:聽 /中等、說 /中等、讀 /中等、寫 /中等'],無,無,"['加分項：', '1.', '有爬蟲項目經驗。', '2.', '熟悉', 'Docker', '並有實際操作經驗。', '3.', '有其他領域技術經驗，如', 'Java/Javascript/Swift/Object', 'C', '等。']"
凡谷興業有限公司,https://www.104.com.tw/company/1a2x6bi8ln,資料工程師,https://www.104.com.tw/job/ajax/content/6lc9n,['上班族'],1年以上,大學、碩士,"['數學及電算機科學學科類', '資訊管理相關']",['英文:聽 /中等、說 /中等、讀 /中等、寫 /中等'],無,無,"['具備下列相關技能尤佳:', '1.', 'Python', '2.', 'SQL與Shell', 'Scripts', '3.', 'Message', 'Queue', '(Ex.', 'Kafka)', '4.', 'Big', 'Table或NoSQL']"
杰悉科技股份有限公司,https://www.104.com.tw/company/1a2x6bkm3z,Python工程師 或 後端工程師,https://www.104.com.tw/job/ajax/content/6cogg,"['上班族', '二度就業']",3年以上,專科以上,無,無,"['C#', 'C++', 'PHP', 'MS SQL', 'MySQL']","['系統架構規劃', '系統整合分析', '軟體工程系統開發', '軟體程式設計', '結構化程式設計', '模組化系統設計', '資料庫系統管理維護', '資料庫程式設計', '資料庫軟體應用', '流程圖軟體操作', '專案管理軟體操作', '簡報軟體操作']","['•', '熟悉', 'Web', '應用開發。', '•', '熟悉各類開源', 'Web', 'Server', '(Nginx', 'or', 'HAProxy)。', '•', '熟悉網路安全知識。', '•', '熟悉各種業務場景下的緩存系統應用和相關開源軟體使用。', '•', '了解', 'Linux/Unix', '系統，能夠進行基本的部署和維護操作。', '加分項目：', '1.', 'Docker,', 'Redis,', 'RabbitMQ,', 'ELK。', '2.', '對AI演算法或有實做開發經驗。', '3.', '對影像RTSP處理或解碼/壓縮有實做經驗。', '4.', '對自然語言處理NLP有研究或實做經驗。']"
富邦金融控股股份有限公司,https://www.104.com.tw/company/1jt9s7c,數據應用工程師,https://www.104.com.tw/job/ajax/content/6luzo,['上班族'],3年以上,大學、碩士,無,['英文:聽 /中等、說 /中等、讀 /中等、寫 /中等'],"['Python', 'ANSI SQL', 'Data Modeling', 'ETL', 'PL/SQL']",無,"['1.電腦技能', ':', 'PLSql/ETL、Oracle、Data', 'Model', '2.具Python開發及爬蟲能力尤佳', '4.具', 'Hadoop應用經驗(Hive,Impala,Mongodb,Spark)尤佳']"
台盈資訊科技有限公司,https://www.104.com.tw/company/1a2x6bkaqj,資深軟體工程師,https://www.104.com.tw/job/ajax/content/6k6qg,['上班族'],3年以上,大學以上,無,無,"['C#', 'C++', 'PHP', 'Python', 'MySQL']",無,"['1.', '應具備', 'php-mysql', '的開發經驗。', '2.', '具備以下條件，則增加評比分數', 'a.', '熟', 'C#', '、Python', '、', 'C++', '等程式語言佳。', 'b.', '曾經有「線上交易系統」、「爬蟲程式」、「金融系統」、「大型資料庫」等開發經驗。', 'c.', '熟', 'CentOS、', '網路架構、系統維護運作', '等。']"
安華聯網科技股份有限公司,https://www.104.com.tw/company/1a2x6bizw6,產品處-資深Backend後端工程師,https://www.104.com.tw/job/ajax/content/6tykf,"['上班族', '外籍人士']",5年以上,大學以上,無,無,"['Servlets', 'Java', 'Python', 'MySQL', 'Tomcat']",無,"['-', '熟悉一種以上程式語言（', 'Python', '、Java）', '-', '爬蟲技術：', '熟悉上述語言中相關抓取網頁內容之套件', '具備程式存取RESTFUL', 'API', '資料能力', '具備處理反爬蟲技術與相關技巧。', '-', '有MySQL、Servlet相關經驗', '-', '資料處理：熟悉各種編碼之網頁與資料格式處理', '（JSON/XML）', '-', '有資安研發經驗者尤佳。', '-', '對程式品質有自我要求，致力於開發穩定、可信賴的、及經過良好測試的軟體。', '-', '具備良好的溝通能力，執行力與協調能力。', '-', '對', 'Agile', '開發模式有高度興趣，如', 'Scrum、Kanban。']"
睿點行動股份有限公司,https://www.104.com.tw/company/1a2x6bktsz,金融科技業-後端工程師Back-end developer,https://www.104.com.tw/job/ajax/content/6kw5d,"['上班族', '應屆畢業生', '外籍人士', '原住民', '二度就業']",1年以上,專科、大學、碩士,無,無,"['Linux', 'Python', 'Go', 'MySQL', 'RDBMS', 'JavaScript']",無,"['【團隊合作方式】', '1.', '使用者為中心、敏捷開發、快速迭代', '我們採用敏捷開發，透過社群的互動與反饋，獲取關鍵的用戶洞察，並快速建置MVP並進行驗證，透過反覆修正與迭代，使產品能夠契合用戶需求。', '2.', '透明扁平的決策模式', '我們每個開發的項目都建立於用戶需求以及團隊成員共識上，不會有「不知為何開發而開發」的現象，也沒有與用戶需求對立的獲利壓力。在明確的目標下，團隊中的每一個成員都能夠毫無顧忌的表達自己的想法，前進的過程中，我們每下的一步棋，都是團隊成員共同討論出來決定的方向。', '3.', '換位思考與同理心', '團隊中的每一個成員都是為了產品更好的共同目標而努力，我們是共同協作，而不是各司其職。產品經理願意瞭解技術開發的方法、流程和阻礙，技術願意了解用戶需求和市場考量，我們能夠具備換位思考的能力，同理用戶，以及同理共同合作的夥伴與利益關係人，在共同目標之下，運用各自的專業，打造出更好的產品和服務。']"
電獺股份有限公司,https://www.104.com.tw/company/1a2x6bjxn4,電獺 Java Web Developer 軟體工程師 (Senior),https://www.104.com.tw/job/ajax/content/6kgql,"['上班族', '應屆畢業生']",3年以上,不拘,無,['英文:聽 /略懂、說 /略懂、讀 /中等、寫 /中等'],無,"['伺服器網站管理維護', '作業系統基本操作', '資料備份與復原', '資訊設備環境設定', '功能測試(function test)', '使用者測試(Usability test)', '軟體程式設計', '網路程式設計', '資料庫系統管理維護', '資料庫程式設計', '資料庫軟體應用', '系統架構規劃與維護', '網路系統配置', '網路應用軟體操作', '多媒體企劃設計', '使用者介面設計', '網頁軟體操作', '網頁語法撰寫']","['工作與薪資評估「加分項目」（加分項目有一項即符合，非必要條件）：', '1.', '會使用或願意學習', 'kotlin', '2.', '理解或有興趣接觸', 'microservice', '架構', '3.', '參與或願意學習', 'scrum', '開發流程的經驗', '4.', '會使用或願意學習', 'docker', '與', 'kubernetes', '5.', '外語聽說讀寫能力']"
倢思數位科技股份有限公司,https://www.104.com.tw/company/1a2x6bk5pg,python資深網頁後端工程師,https://www.104.com.tw/job/ajax/content/6x13x,"['上班族', '應屆畢業生', '日間就讀中', '研發替代役', '原住民', '二度就業', '中壯齡']",不拘,專科以上,無,無,無,無,"['有爬蟲項目經驗。', '-', '熟悉', 'Docker', '並有實際操作經驗。']"
千手數位科技股份有限公司,https://www.104.com.tw/company/1a2x6bl7wd,python資深網頁後端工程師,https://www.104.com.tw/job/ajax/content/6ybcm,"['上班族', '應屆畢業生', '日間就讀中', '研發替代役', '原住民', '二度就業', '中壯齡']",不拘,專科以上,無,無,無,無,"['有爬蟲項目經驗。', '-', '熟悉', 'Docker', '並有實際操作經驗。']"
金冠科技有限公司,https://www.104.com.tw/company/1a2x6bkuw3,Python 後端工程師 (Junior),https://www.104.com.tw/job/ajax/content/6lw8b,"['上班族', '應屆畢業生']",不拘,專科以上,無,無,無,無,"['*', '能適應團隊的快速開發腳步', '*', '良好的閱讀英文API文件能力', '*', '有金融/金流方面的相關知識和興趣', '-', '熟', 'Flask', '框架開發與應用', '-', '熟', 'sqlalchemy', 'ORM', '與', 'SQL', 'Syntax', '-', '熟', 'mysql', '資料儲存系統', '-', '熟', 'redis', '-', '對', 'restful', '格式有深刻理解,', '並可依其設計開發', 'API', '-', '理解html5,', 'css,', 'javascript', '-', '使用', 'git,', 'aws,', 'docker,', 'kubernetes']"
滙訊科技有限公司,https://www.104.com.tw/company/1a2x6bl5ke,C#軟體開發工程師,https://www.104.com.tw/job/ajax/content/6w1o5,"['上班族', '原住民', '二度就業']",1年以上,專科以上,無,無,['C#'],無,"['1.', '具備Selenium網站測試經驗、HTML', '5經驗。', '2.', '1年以上', 'C#', 'or', 'PHP實際開發經驗。']"
恒耀工業股份有限公司,https://www.104.com.tw/company/ah1os00,IT系統工程師,https://www.104.com.tw/job/ajax/content/4g2na,"['上班族', '應屆畢業生']",不拘,大學、碩士,"['資訊管理相關', '資訊工程相關']",無,無,無,"['1.積極主動，可獨立作業、合作分工。', '2.溝通能力佳，個性負責，正面思考，具團隊合作精神，並有服務熱忱。', '3.邏輯清晰，有主動學習與問題解決能力。', '4.對軟體程式開發有熱誠，會自行研究一些新的程式技術、系統架構。', '5.做過中型以上專案架構設計者佳。(中型專案定義:', '執行單元包含3種以上。例如:', 'Back', 'end', 'Server,', 'Frontend', 'Web', 'APP,', 'Mobile', 'APP)', '6.做過中型以上專案實作，高度模組化，讓系統具有高擴充性及高維護性。', '7.ASP.NET', 'Core', '1年以上的開發經驗者佳。', '8.Entity', 'Framework', 'Core', '1年以上開發經驗者佳。', '9.ASP.NET', 'MVC', '3年以上開發經驗者佳。', '10.Entity', 'Framework', '3年以上開發經驗者佳。', '11.Angular4+', '1年以上的開發經驗者佳。', '12.熟悉Git的使用。', '13.有自己開發一些軟體小品。例如遊戲外掛、網路爬蟲、解決自己或是家人朋友生活', '上遇到不方便的小工具。']"
和泰汽車股份有限公司,https://www.104.com.tw/company/1hrmizk,資料工程師 (Data Engineer),https://www.104.com.tw/job/ajax/content/6ej3x,['上班族'],2年以上,大學、碩士,"['資訊工程相關', '數理統計相關', '其他數學及電算機科學相關']",['英文:聽 /中等、說 /中等、讀 /精通、寫 /精通'],無,無,"['1.', '具備程式撰寫能力，能以Python撰寫爬蟲或進行資料分析，有相關開發經驗', '2.', '曾使用過C#', '(或', 'java、Scala)等語言進行系統開發', '3.', '對於資料庫系統與其語法熟悉（包含SQL、Spark、Cassandra…等）', '4.', '有資料視覺化與BI的相關經驗（例如Power', 'BI、Tableau…等）', '5.', '具備雲端運算服務使用經驗（Azure/AWS）', '加分條件', '1.', '熟悉或曾應用大數據平台元件操作，包括Kafka、nifi、HDFS…等', '2.', '具備機器學習或資料分析演算法知識與經驗。', '*應徵時請提供相關簡歷或過去作品、執行專案等可說明個人能力與負責內容之成果。']"
富比庫股份有限公司,https://www.104.com.tw/company/1a2x6bjlux,網頁後端開發工程師,https://www.104.com.tw/job/ajax/content/4uzrv,"['上班族', '應屆畢業生', '夜間就讀中', '原住民', '學生實習']",不拘,專科以上,無,無,"['PHP', 'MySQL']",無,"['1.與程式設計等相關人員配合，協同執行專案。', '2.積極把工作做到好的精神、良好的溝通能力與團隊合作能力。', '3.意者請先投遞履歷(含自傳與照片),', '本公司將另行安排面試。']"
杰悉科技股份有限公司,https://www.104.com.tw/company/1a2x6bkm3z,系統設計及開發工程師,https://www.104.com.tw/job/ajax/content/6cy2f,"['上班族', '應屆畢業生', '外籍人士', '原住民', '二度就業']",不拘,專科以上,無,無,"['C', 'C#', 'C++', 'HTML', 'JavaScript', 'GIS']","['系統架構規劃', '系統整合分析', '軟體工程系統開發', '資料庫軟體應用']","['***加分項目', '(以下任一項或以上)***', '1.', '有爬蟲項目經驗。', '2.', '熟悉', 'Docker', '並有實際操作經驗。', '3.', '有開發過軟體專案經驗或是作品。', '4.', '有App開發經驗或是作品。', '5.', '熟悉Unity', 'or', 'Unreal更佳程式語言', '6.', '有使用OpenGL', 'ES開發應用與遊戲經驗', '7.', '有使用OepnGL', 'GLSL開發應用與遊戲效果經驗', '8.', '曾參與OpenGL', 'or', 'WebGL', '及其API設計與實作為加分', '9.', '曾參與遊戲圖形處理引擎設計與實作為加分', '10.', '具有以上Java、JSP、Struts、C、C++、C#等其中使用經彥', '11.', '網頁技術類', ':', 'XML、HTML、JavaScript、jQuery', '12.', '熟悉使用', 'Python', 'Web', '相關開發', '13.', '負責', 'REST', 'API', '的開發和迭代，持續優化產品的效能和質量。', '14.', '掌握基本的3D圖學原理，具備良好的算法和數學基礎', '15.', '有類神經網絡串接', '及', 'Google', 'API或AWS串接經驗', '16.', '可以先提供作品、Github,', '痞客邦', '等及專案經驗說明', '17.', '熟悉', 'ArcGIS', '或其他GIS', '應用。', '18.', '曾經使用過Google', 'API', '整合開發過專案', '19.', '對LabView', '熟悉應用及開發', '20.', '曾經整合控制類通訊協定Modbus', 'or', 'BACNet', 'or', 'CANBus', 'or', 'OPC', 'or', 'MQTT等', '21.', '曾整合RTSP', '或', 'H.264/H.265', '串流應用經驗', '22.', '熟悉或使用過OpenCV', '進行影像辨識開發經驗']"
犀牛盾_愛進化科技股份有限公司,https://www.104.com.tw/company/1a2x6bidoq,Python 資料處理工程師,https://www.104.com.tw/job/ajax/content/6vabn,"['上班族', '外籍人士']",不拘,專科以上,無,無,無,無,無
凌群電腦股份有限公司,https://www.104.com.tw/company/2a5ju40,系統工程師(台南),https://www.104.com.tw/job/ajax/content/6u7px,"['上班族', '應屆畢業生', '原住民']",不拘,專科、大學、碩士,"['數學及電算機科學學科類', '電機電子工程相關', '資訊管理相關']",['英文:聽 /略懂、說 /略懂、讀 /中等、寫 /中等'],無,無,"['(1).具備API開發與介接能力尤佳。', '(2).具備前/後端程式開發經驗(Java/Javascript)', '尤佳。', '(3).熟爬蟲技術。', '(4).具機車或汽車駕照者佳。', '(5).具上述經驗者優先錄取。']"
辰城科技股份有限公司,https://www.104.com.tw/company/1a2x6bjtnl,C# / .Net 軟體工程師,https://www.104.com.tw/job/ajax/content/5a93b,"['上班族', '應屆畢業生', '原住民', '二度就業']",1年以上,專科以上,無,無,"['ASP.NET', 'C#', 'Visual C#', 'Visual Studio .net', 'IIS']",無,"['加分項目:', '熟悉或使用過以下:', '1.', 'Asp.net', 'Core', 'or', 'Asp.net', 'Web', 'Api', '2', '。', '2.', 'Vue', 'or', 'Nuxt.js', '。', '3.', 'SignalR', '來開發即時通訊及後端通訊。', '4.', 'HangFire。']"
The Boar Tech Inc._山豬科技股份有限公司,https://www.104.com.tw/company/1a2x6bk7u1,後端工程師,https://www.104.com.tw/job/ajax/content/6ifq8,"['上班族', '二度就業']",不拘,大學以上,無,無,"['C#', 'MS SQL', 'HTML', 'jQuery']",無,"['熟悉.Net', 'solution擅長使用語言為C#,', '瞭解.Net', '物件及資料結構特性,MVC,', 'Web', 'API', '瞭解Git版本控管工具', '瞭解SQL', 'Server,', '會撰寫', 'PL/SQL', '會使用Log', 'monitor工具如ELK']"
閃玩科技有限公司,https://www.104.com.tw/company/1a2x6bl6nh,C語言開發工程師,https://www.104.com.tw/job/ajax/content/6yek9,['上班族'],3年以上,專科以上,無,無,無,無,無
精誠資訊股份有限公司,https://www.104.com.tw/company/18pcqfps,數據工程師-E10C,https://www.104.com.tw/job/ajax/content/6r38m,['上班族'],2年以上,專科、大學、碩士,無,['英文:聽 /中等、說 /中等、讀 /中等、寫 /中等'],無,無,"['熟悉', 'SQL', '語法與任一', 'RDB', '熟悉', '任一程式語言', 'Java、Python、Scala', '熟悉', 'Linux', 'Shell', 'Script', '熟悉', 'Hadoop、Spark', '等開源的分散式', 'Big', 'Data', '平台與多元的生態軟體組件', '具備Vendor-specific', '資料產品或雲端服務知識', '熟悉公有雲大數據', 'API介面']"
積大企業有限公司,https://www.104.com.tw/company/afr4my8,【電子商務部】Python工程師,https://www.104.com.tw/job/ajax/content/6yb7d,"['上班族', '應屆畢業生', '日間就讀中', '夜間就讀中', '研發替代役', '學生實習']",不拘,大學、碩士,無,無,['Python'],無,無
博識資訊顧問有限公司,https://www.104.com.tw/company/10zzaxns,資深數據研發工程師,https://www.104.com.tw/job/ajax/content/6s8oq,"['上班族', '應屆畢業生', '日間就讀中', '夜間就讀中', '研發替代役', '外籍人士', '原住民', '二度就業', '中壯齡', '中高齡', '高齡', '更生人', '學生實習']",不拘,不拘,無,無,無,"['軟體程式設計', '資料庫軟體應用']",無
布塔資訊有限公司,https://www.104.com.tw/company/1a2x6bl3gp,C# Back-End Engineer 後端工程師 (Crawler),https://www.104.com.tw/job/ajax/content/6xlcq,"['上班族', '應屆畢業生']",1年以上,專科、大學、碩士,"['資訊管理相關', '資訊工程相關', '電機電子維護相關']",['英文:聽 /略懂、說 /略懂、讀 /略懂、寫 /略懂'],"['ASP.NET', 'C#', 'MySQL', 'IIS']","['系統維護操作', '功能測試(function test)', '軟體程式設計', '網路程式設計']","['1.', '請撰寫完整履歷', '2.', '如有作品請附上github連結']"
光曳資訊有限公司,https://www.104.com.tw/company/1a2x6bjwrs,高階C#軟體工程師（高雄分公司）,https://www.104.com.tw/job/ajax/content/6y3y8,"['上班族', '應屆畢業生']",1年以上,專科、碩士,無,無,"['C#', 'Visual C#']",無,"['1.懂MVC架構佳', '2.懂LINQ者佳', '3.具Design', 'Pattern觀念佳', '4.擁有MYSQL資料庫設計經驗佳', '5.擁有Web技術(HTML/Javascript/PHP)佳', '6.有網路爬蟲經驗佳']"
天鏡科技股份有限公司,https://www.104.com.tw/company/1a2x6bi9oi,資料工程師 (Data Engineer),https://www.104.com.tw/job/ajax/content/68tpe,['上班族'],2年以上,大學以上,"['數學及電算機科學學科類', '資訊管理相關']",['英文:聽 /略懂、說 /略懂、讀 /中等、寫 /中等'],無,無,無
驊宏資通集團_駿永資訊科技股份有限公司,https://www.104.com.tw/company/1a2x6bi7ai,資深雲端服務開發工程師,https://www.104.com.tw/job/ajax/content/6jpdc,['上班族'],3年以上,專科以上,無,['英文:聽 /中等、說 /中等、讀 /中等、寫 /中等'],['ASP.NET'],['軟體工程系統開發'],"['1.', '3年以上web開發經驗', '2.', '具備數理能力', '3.', '主動積極、重視專案時程管理的基本工作要求', '4.', '與使用者溝通、團隊內外協調的能力', '5.', '抗壓性高，富有解決問題的能力', '6.', '有AI應用開發及爬蟲經驗者佳']"
明基電通股份有限公司,https://www.104.com.tw/company/whlrnm8,資深資料工程師【明基BenQ Data Application】,https://www.104.com.tw/job/ajax/content/6vh7j,['上班族'],不拘,大學、碩士,無,無,"['Linux', 'Python']",無,"['需求條件', '1.熟悉Linux系統管理', '2.熟悉Shell', 'Script(至少1種，例如Python)', '3.git使用經驗', '4.熟悉', '雲端服務', 'AWS,', 'GCP', '5.熟悉', 'MongoDB,PGSQL...等', '6.熟悉', 'Rest', 'API', '開發', '7.能夠使用各種開源技術', '加分條件：', '1.', 'DevOps', '實務經驗。', '2.', 'Node.js', '實務經驗。', '3.', 'SOQL', '經驗。', '4.', 'Big', 'Query', '經驗。', '4.', '快速原型開發與測試經驗。', '5.', '具有網頁', 'RWD、SPA', '介面開發經驗。', '6.', '具有網站、資料庫效能調校經驗。', '7.', '資料獲取技能(爬蟲、第三方API對接)', '8.', '專案時程掌控能力佳、能主動回報工作進度。']"
安華聯網科技股份有限公司,https://www.104.com.tw/company/1a2x6bizw6,產品處-資深軟體研發工程師,https://www.104.com.tw/job/ajax/content/6m13x,"['上班族', '外籍人士', '原住民']",5年以上,大學以上,"['資訊工程相關', '資訊管理相關']",無,"['C', 'C++', 'Java', 'Python']",無,"['-', '熟悉', 'Python、Java、C/C++', '等任一程式語言。', '-', '具備', 'MySQL', '使用經驗尤佳。', '-', '具備網路相關協議及概念者尤佳。', '-', '主動積極勇於承擔任務與挑戰，並具備良好人際關係與溝通技巧者。', '-', '接受身心障礙求職者應徵']"
順豐管理顧問有限公司,https://www.104.com.tw/company/1a2x6bl67g,C#工程師(自動化程序)_DV2,https://www.104.com.tw/job/ajax/content/6wolv,"['上班族', '應屆畢業生', '原住民']",2年以上,大學以上,"['資訊工程相關', '資訊管理相關']",無,"['C#', 'MySQL', 'Socket']",無,"['*加分條件：', '1.工作經驗2年以上(WinForm或WPF為主)', '2.熟悉MySQL，WebSocket協定及Redis使用', '3.熟悉系統相容性及主要限制', '4.熟悉API串接及JSON資料', '5.熟悉各式套件', '6.有作品集者優先考慮', '*熱愛程式且注重程式碼品質及維護性', '*能夠在無監管之下獨立工作', '*良好的自我管理與溝通能力']"
台灣房屋仲介股份有限公司,https://www.104.com.tw/company/9rgf51c,雲端中心-資訊工程師(PHP),https://www.104.com.tw/job/ajax/content/6xnks,"['上班族', '應屆畢業生']",3年以上,專科以上,無,無,"['Linux', 'PHP', 'MySQL', 'JavaScript']",無,無
辰昇網路科技有限公司,https://www.104.com.tw/company/1a2x6bkhnk,SEO工程師,https://www.104.com.tw/job/ajax/content/6cioq,['上班族'],2年以上,專科、大學、碩士,無,無,無,無,"['1.2年左右SEO搜尋引擎工作經驗。', '2.工作積極主動，學習能力強，有運營大型平臺網站的經驗。', '3.精通各類爬蟲分析工具，對資料進行監控並解讀數據。', '4.有泛解析、寄生蟲技術等黑帽經驗者優先。', '5.定期跟蹤、分析、總結SEO效果，為網站整體運營目標提供流量支援。']"
普羅傑有限公司,https://www.104.com.tw/company/1a2x6bkkcm,程式設計師/工程師 專C# Winform/WPF/ASP.NET,https://www.104.com.tw/job/ajax/content/6b5eb,['上班族'],不拘,大學以上,無,無,['C#'],無,無
緯創資通股份有限公司,https://www.104.com.tw/company/5wthkkw,RRS0394-軟體設計工程師(汐止),https://www.104.com.tw/job/ajax/content/6dl4a,"['上班族', '應屆畢業生']",1年以上,大學以上,無,['英文:聽 /精通、說 /中等、讀 /中等、寫 /中等'],"['Linux', 'ASP.NET', 'C#', 'Python', 'MS SQL', 'PostgreSQL', 'JavaScript']",無,"['1.', '具備1年以上', 'Microsoft', '.NET', 'framework', '應用程式', '(ASP.NET,', 'Windows', 'Desktop)', '或具有網路爬蟲開發之經驗', '2.', '具資料庫設計能力，熟', 'MS-SQL', '或', 'PostgreSQL', '3.', '具基本系統分析能力，若能獨立進行專案需求分析者佳', '4.', '喜歡鑽研技術與團隊合作', '5.', '如有作品,', '請面試時提供']"
專羿行動股份有限公司,https://www.104.com.tw/company/1a2x6bjn90,後端軟體工程師(金流系統開發),https://www.104.com.tw/job/ajax/content/6yjwo,"['上班族', '應屆畢業生', '原住民', '二度就業', '中壯齡']",1年以上,高中、專科、大學、碩士,['資訊工程相關'],無,"['Github', 'Jenkins', 'ASP.NET', 'C#']","['軟體程式設計', '資料庫系統管理維護', '資料庫程式設計']","['•', '具自我驅動的意識與態度', '•', '喜愛挑戰與突破', '•', '年資不是絕對，實力跟學習能力才是關鍵', '•', '有任何金流開發經驗者為佳']"
國泰世華商業銀行股份有限公司_人力資源部,https://www.104.com.tw/company/1xzkino,"【數據生態營運】資料科學工程師 (數數發中心,DDT)",https://www.104.com.tw/job/ajax/content/6v7pz,['上班族'],不拘,大學以上,無,['英文:聽 /中等、說 /中等、讀 /中等、寫 /中等'],"['ETL', 'hadoop', 'Hive']",無,"['【應徵條件】', '1.樂於分享,', '與其他團隊成員一同合作', '2.喜歡和熟悉程式開發流程及技巧', '3.具有', 'Linux', '系統操作經驗', '4.具有', 'Git', '使用經驗', '【加分條件】', '1.曾使用過', 'Hadoop/Spark/Hive', '等大數據平台開發經驗', '2.熟悉大數據儲存及運算平台及', 'Cloudera', 'CDH', '各套件服務的建置與管理經驗', '3.曾使用過任一種', 'streaming', 'framework,', '例如:', 'Spark', 'streaming,', '曾開發過', 'API', '4.具', 'ETL', 'pipeline', '的工具開發/維護經驗', '如:', 'Airflow', '/', 'Oozie/NIFI等']"
國泰金控_國泰金融控股股份有限公司,https://www.104.com.tw/company/wjct48g,"數據軟體工程師-數據科技(數數發中心, DDT)",https://www.104.com.tw/job/ajax/content/6emjz,['上班族'],不拘,大學以上,無,['英文:聽 /精通、說 /精通、讀 /精通、寫 /精通'],無,無,"['[必要條件]', '-', '具備團隊合作的態度與愛好自我學習探索及分享的精神', '-', '至少一年', 'Python', '程式語言開發經驗，並具備軟體工程開發思維', '-', '熟悉', 'Linux', '環境與', 'Shell', 'Script', '開發經驗', '-', '具備', 'Git', '版本控管與經驗', '-', '具備', 'Hadoop', 'Eco-system/Apache', 'Spark', '等相關應用開發經驗', '[加分條件]', '-', '熟悉', 'Docker、Kubernetes', '概念/架構，並具備容器化開發經驗', '-', '熟悉', 'MongoDB、Redis、Elastic', 'Stack', '或其他結構化/非結構化數據儲存平台', '-', '具備', 'DevOps', '相關知識與', 'CI/CD', 'pipeline', '流程建置經驗', '-', '具備', 'Streaming', 'Framework', '開發經驗', '如：Spark', 'Streaming、Kafka、Flink', '等', '-', '具備統計方法、機器學習、或是深度學習相關概念']"
誌彙科技有限公司,https://www.104.com.tw/company/1a2x6bl0m5,.NET/C#高級工程師(外派菲律賓),https://www.104.com.tw/job/ajax/content/6x3p0,"['上班族', '二度就業']",4年以上,專科以上,無,無,"['ASP.NET', 'C#', 'MS SQL']",無,無
德昂資訊股份有限公司,https://www.104.com.tw/company/1a2x6bk3cz,行動BI視覺化開發工程師--台北/高雄,https://www.104.com.tw/job/ajax/content/6byyt,"['上班族', '應屆畢業生']",不拘,專科以上,['商業及管理學科類'],無,無,無,無
睿點行動股份有限公司,https://www.104.com.tw/company/1a2x6bktsz,後端資料工程師 Backend Data Engineer (Python),https://www.104.com.tw/job/ajax/content/6p3ps,"['上班族', '應屆畢業生', '原住民']",1年以上,專科、大學、碩士,無,無,"['Linux', 'Python', 'MySQL', 'JavaScript']",無,"['【加分條件】', '・Git', '多人協作經驗', '・Ansible、Docker', '等自動化部署經驗', '・RESTful', 'API', '開發、串接經驗，這裡走', 'OpenAPI/Swagger', '標準', '・cloud', 'based', 'solution', '整合經驗，這裡使用', 'GCP', '與', 'BigQuery', '・附帶作品佳']"
安碁資訊股份有限公司,https://www.104.com.tw/company/wf0uhow,【RD】資安開發工程師- 2000361,https://www.104.com.tw/job/ajax/content/6y7bd,['上班族'],1年以上,大學以上,['資訊管理相關'],無,無,無,"['1.', '具備Kali', 'Linux或Unix-Liked系統的操作經驗', '2.', '具備Python程式語言開發的經驗', '3.', '具備網路爬蟲開發經驗，或熟悉爬蟲運作流程', '4.', '了解資安相關知識，例如：Web', '資安攻擊、網路攻擊、OWASP', 'Top', '10等', '5.', '曾具有Web前後端開發經驗', '6.', '喜歡學習新技術，樂於嘗試各種不同方式解決面臨的課題，可以獨立作戰也可以團隊合作']"
緯創資通股份有限公司,https://www.104.com.tw/company/5wthkkw,數據處理技術主任 _ 大陸中山 _ 00560,https://www.104.com.tw/job/ajax/content/6x7mc,"['上班族', '應屆畢業生']",不拘,大學以上,"['統計學相關', '數學及電算機科學學科類', '資訊管理相關']",無,無,無,"['1.具Python/R/Scala/Java', '1年以上開發使用經驗', '2.關聯式數據庫運維1年以上經驗，並至少有一張Oracle，Microsoft', '或', 'MySQL的數據庫相關證照', '3.具SQL，JSON及Regular', 'Expression的應用2年以上開發經驗', '4.具Python/Scrapy', '爬蟲程序的應用1年以上開發經驗', '5.具Spark，Kafka，HDFS等大數據平台1年以上開發經驗', '6.VBA', '1年以上開發使用經驗', '7.工廠製造1年以上經驗']"
英屬開曼群島商史泰博股份有限公司台灣分公司,https://www.104.com.tw/company/cu6w000,程式設計師[SP],https://www.104.com.tw/job/ajax/content/6uu9k,['上班族'],2年以上,大學以上,"['資訊工程相關', '資訊管理相關']",無,"['ASP.NET', 'C#', 'PHP', 'Python', 'Access', 'MS SQL', 'MySQL', 'VBScript']",無,"['1.ASP.NET/C#/VB兩年以上開發經驗者佳', '2.具備Python/Php開發經驗者', '3.熟悉MS', 'SQL/MySQL操作', '4.有基本HTML、JavaScript、CSS語法相關概念']"
新明珠系統方案有限公司,https://www.104.com.tw/company/1a2x6bj6do,中級程式設計師(.NET),https://www.104.com.tw/job/ajax/content/6wlgg,"['上班族', '原住民', '二度就業']",5年以上,大學以上,無,['英文:聽 /中等、說 /中等、讀 /中等、寫 /中等'],無,無,"['職位要求：', '1.selenium/爬蟲技術', '開發經驗。', '2.具備良好的編程風格。', '3.精通.NET開發、SQL語言、MySQL，了解MySQL配置、性能優化等，熟悉Javascript、html、xml、AJAX等。', '4.較強的編程能力，能夠完成較複雜的交互流程設計和實現。', '5.UI頁面規劃設計。']"
大好興業股份有限公司,https://www.104.com.tw/company/wdn0lg0,程式設計師,https://www.104.com.tw/job/ajax/content/6uva2,['上班族'],不拘,大學以上,"['資訊管理相關', '資訊工程相關']",無,"['ASP.NET', 'C#', 'PHP', 'Python', 'Access', 'MS SQL', 'MySQL', 'VBScript']",無,"['1.ASP.NET/C#/VB兩年以上開發經驗者佳', '2.具備Python/Php開發經驗者', '3.熟悉MS', 'SQL/MySQL操作', '4.有基本HTML、JavaScript、CSS語法相關概念']"
技嘉科技股份有限公司,https://www.104.com.tw/company/a4kvltk,實習 / PT - Full-Stack Engineer,https://www.104.com.tw/job/ajax/content/6ane2,"['日間就讀中', '夜間就讀中', '學生實習']",不拘,大學以上,"['數學及電算機科學學科類', '商業及管理學科類']",['英文:聽 /略懂、說 /略懂、讀 /中等、寫 /略懂'],"['Linux', 'C', 'C++', 'C++.Net', 'Java', 'Python', 'Spring', 'Struts', 'R', 'Informix', 'JDBC', 'MS SQL', 'MySQL', 'PostgreSQL', 'RDBMS', 'JavaScript', 'HTTP', 'Socket', 'ssh', 'TCP/IP']",無,[]
杜浦數位安全有限公司,https://www.104.com.tw/company/1a2x6bkavd,Research Engineer,https://www.104.com.tw/job/ajax/content/6y4pq,"['上班族', '應屆畢業生', '學生實習']",2年以上,大學以上,無,['英文:聽 /略懂、說 /略懂、讀 /精通、寫 /中等'],"['Linux', 'C', 'Python']",無,"['1.', 'Required', 'Skills', '至少需兩項具備', '2.', '須具備英文技術文件之閱讀能力']"
順豐管理顧問有限公司,https://www.104.com.tw/company/1a2x6bl67g,網站程式設計師(台中市西屯區),https://www.104.com.tw/job/ajax/content/6xfbe,"['上班族', '應屆畢業生']",1年以上,專科以上,['資訊工程相關'],['英文:聽 /略懂、說 /略懂、讀 /略懂、寫 /略懂'],"['HTML', 'JavaScript', 'jQuery', 'CSS']",無,"['熟悉', 'CSS、JavaScript', '、HTML，熟悉', 'JQuery，熟悉', 'ES6', '特性', '<基本要求>', '1.', '程式架構邏輯清晰。具有分析問題的能力。', '2.', '具有獨立開發能力，並可以與外部技術以及工作同仁溝通協作。', '3.', '具備良好跨部門溝通能力與合作能力', '。', '4.', '具備足夠抗壓性、善於溝通協調。', '<加分條件>', '1.', 'Git', '2.', 'Webpack', '3.', 'VUE.JS/Angular', '(任一)', '4.', '具備關聯式資料庫相關實務經驗，MySQL、SQLServer', 'etc...', '5.', 'TypeScript']"
聯成電腦有限公司(聯成電腦/聯成美語),https://www.104.com.tw/company/13kmziew,Python程式講師-新竹分校,https://www.104.com.tw/job/ajax/content/5y4rk,"['上班族', '應屆畢業生', '研發替代役', '外籍人士', '原住民']",2年以上,專科以上,無,無,"['Python', 'MySQL']",無,['須具備相關經驗2年以上']
國泰金控_國泰金融控股股份有限公司,https://www.104.com.tw/company/wjct48g,數據分析師(組織營運分析),https://www.104.com.tw/job/ajax/content/6w1uv,"['上班族', '應屆畢業生']",不拘,大學以上,無,['英文:聽 /精通、說 /精通、讀 /精通、寫 /精通'],無,無,"['具備能力：', '1.', '具備SQL程式撰寫、Tableau使用經驗', '2.', '具備Python', '(e.g.,', 'Pandas,', 'Numpy,', 'Matplotlib,', 'and', 'Scikit-learn)或R', '(e.g.,', 'dplyr,', 'ggplot2,', 'and', 'relevant', 'machine', 'learning', 'libraries)資料分析程式撰寫能力', '3.', '具備統計學基礎知識(e.g.,', 'descriptive', 'statistics,', 'ANOVA,', 'and', 'hypothesis', 'testing)', '4.', '具備機器學習模型實作經驗(e.g.,', 'cluster', 'analysis,', 'generalized', 'linear', 'regression', 'model,', 'and', 'tree-based', 'models)', '5.', '具備溝通協調、團隊合作、問題解決、自主學習、獨立作業及執行能力', '加分項目：', '1.', '具備網頁爬蟲、文字探勘、自然語言處理相關實作經驗', '2.', '具備商業或數據相關競賽得獎或參賽經驗', '3.', '具備企劃及簡報製作能力', '4.', '具備良好的英語聽力與閱讀能力(全民英檢中高級以上、TOEIC', '800以上、IELTS', '6.5以上、TOEFL', 'iBT', '90以上)']"
台灣富士全錄股份有限公司,https://www.104.com.tw/company/1mpl4c0,RPA技術分析師,https://www.104.com.tw/job/ajax/content/6tejt,"['上班族', '原住民']",1年以上,大學、碩士,['資訊管理相關'],['英文:聽 /中等、說 /中等、讀 /精通、寫 /精通'],"['Excel', 'Outlook', 'PowerPoint', 'Word']",無,"['1.MS', 'Office文書能力', '2.公司提供筆電', '3.熟悉以下任一語言：VBA/VB.NET/JAVA/C#', '4.具備以下任一語言基礎：PowerShell', '/', 'Bash', '/', 'Python', '/', 'JavaScript', '5.具備任一', 'RDBMS', '操作以及SQL', 'Statement基礎', '6.具備前端', 'HTML5', '/', 'CSS', '或任一', 'Front', 'End', 'Framework', '概念', '7.具備', '00P', '/', 'Web', 'Service', '/', 'RESTful', 'API', '概念', '8.具備與團隊以及外部使用者保持良好關係的能力', '9.具備主動積極的心態，並對技術有熱情，有意願學習新技術', 'Nice', 'To', 'Have:', '1.具有', 'Git', '/', 'Bitbucket', '經驗', '2.具有', 'Puppet', '/', 'Ansible', '/', 'Jenkins', '3.具有', 'Docker', '/', 'Kubernetes', '/', 'GCP', '/', 'AWS', '基礎概念', '4.具耔MVC/網路架構/系統架構/資料結構/演算法/網路爬蟲基礎概念', '5.對透過程式/軟體/工具進行流程自動化有興趣', '6.有意願往系統分析師/系統架構師的職涯發展', '7.曾參與過以', 'Agile/Scrum', '進行之專案開發流程']"
天堂遊戲有限公司,https://www.104.com.tw/company/1a2x6bjprf,[RD] Backend Engineer (資訊開發部) -- 組織擴編,https://www.104.com.tw/job/ajax/content/6ta88,"['上班族', '應屆畢業生']",不拘,專科、大學、碩士,無,無,無,無,無
真如國際有限公司,https://www.104.com.tw/company/1a2x6bl2pm,電商ETL資訊人員(周休二日/含全勤薪34000起),https://www.104.com.tw/job/ajax/content/6y6zv,"['上班族', '應屆畢業生', '夜間就讀中', '二度就業']",2年以上,專科以上,"['資訊管理相關', '資訊工程相關']",無,無,無,無
烏龜移動科技股份有限公司,https://www.104.com.tw/company/1a2x6bjz66,資料分析師,https://www.104.com.tw/job/ajax/content/63jf9,"['上班族', '應屆畢業生']",不拘,大學以上,無,['英文:聽 /中等、說 /中等、讀 /中等、寫 /中等'],無,無,"['加分條件', '-', '熟悉', 'NLP,', 'Deep', 'Learning', '-', '熟悉', 'Python', '-', '具Spark', '及', 'GPU', '運算優化經驗尤佳', '-', 'DMP', '操作經驗']"
烏龜移動科技股份有限公司,https://www.104.com.tw/company/1a2x6bjz66,資料科學家,https://www.104.com.tw/job/ajax/content/5kzi3,"['上班族', '應屆畢業生']",不拘,大學以上,無,['英文:聽 /中等、說 /中等、讀 /中等、寫 /中等'],無,無,"['加分條件', '-', '熟悉', 'NLP,', 'Deep', 'Learning', '-', '熟悉', 'Python', '-', '具Spark', '及', 'GPU', '運算優化經驗尤佳', '-', 'DMP', '操作經驗']"
普羅傑有限公司,https://www.104.com.tw/company/1a2x6bkkcm,C#後端主管  專職C# Winform/WPF/ASP.NET,https://www.104.com.tw/job/ajax/content/6qckb,['上班族'],不拘,大學以上,無,無,['C#'],無,無
德昂資訊股份有限公司,https://www.104.com.tw/company/1a2x6bk3cz,BI顧問--台北/高雄,https://www.104.com.tw/job/ajax/content/6g5m7,"['上班族', '應屆畢業生']",1年以上,專科以上,"['資訊工程相關', '商業及管理學科類', '數理統計相關']","['中文:聽 /精通、說 /精通、讀 /精通、寫 /精通', '英文:聽 /中等、說 /中等、讀 /中等、寫 /中等']",無,無,"['1.', '2年及以上BI專案經驗（BI產品不限），對ETL、建模、報表開發、需求調查與設計有完整經驗；', '2.', '熟練使用Oracle、SQL', 'Server或MySQL等主流資料庫，精通SQL語言；', '3.', '熟悉Tomcat、Jboss、Weblogic等主流伺服器的安裝及佈署；', '4.', '熟悉MicroStrategy、Cognos、BO或BIEE等BI工具者尤佳；', '5.', '有較好的溝通和文字、口語表達能力，能快速融入大團隊，並有自信地在眾人前進行簡報；', '6.', '自我學習能力強，希望在大數據和商業智慧領域長期發展。', '公司的官網地址', '：', 'www.dataondemand.cn，歡迎您登陸瞭解。', '德昂公司邀請有志商務智慧大業的青年志士加入我們的團隊。德昂是MSTR大中華區最大總代理和解決方案提供商，專注於行銷BI，財務BI，移動BI，資料視覺化和企業BI，公司過去三年年均成長率超過50%，並持續盈利。目前擁有諸如新東方，和訊財經，外貿信託，海底撈，恒昌利通，味全，新華保險，富士康，Sisley,', '中廣核等超過100家的知名客戶。公司業務模式除產品銷售，人力派遣，技術服務，專案實施外，也在逐步引入高端大資料分析諮詢，各類BI應用模組的開發，以及BI培訓認證等增值業務。', '德昂公司每年50%以上增長，面向金融，能源，企業，零售等行業客戶，專注移動商務智慧應用開發，擁有自主智慧財產權，獨特的企業文化，', '致力建設幸福企業。建立有趣活潑的工作氛圍。附上我們的企業文化簡介給您參考', ':', 'http://www.dataondemand.cn/content.aspx?page=deangwenhua', '德昂公司的願景', '：', '•', '造就幸福企業，讓工作成為有趣的事。', '•', '成為BI領域最專業的服務提供,', '應用開發,', '和產品銷售公司。', '•', '致力提升產業能力，建立產業標準，發展良好產業生態。', '•', '成為雲服務，大資料分析，移動應用，互聯網產業的重要參與者和推動者。', '德昂公司的福利', '：', '•', '有競爭力的薪酬；', '•', '正式員工七險一金（臺灣勞健保）', '•', '員工旅遊', '•', '員工宿舍（北京）', '•', '彈性調班、不刷卡考勤制度等。', '德昂目前正在臺北，上海，北京和深圳四個地方擴大招才，急需业务，市场营销，BI技术，项目管理，需求设计等领域人才，如果您有相關領域的朋友也正在尋找機會，歡迎推薦，非常感謝。']"
好好投資科技股份有限公司,https://www.104.com.tw/company/1a2x6bjpjb,Backend Engineer(需熟Python、RESTful API ),https://www.104.com.tw/job/ajax/content/5572i,"['上班族', '應屆畢業生', '二度就業', '學生實習']",1年以上,專科以上,無,['英文:聽 /略懂、說 /略懂、讀 /略懂、寫 /略懂'],無,無,"['加分條件', '(非必備要件，具備則加分)：', '1.', '具搜尋引擎及相關技術實務經驗。', '2.不含學習時間，有超過一年以上後端開發經驗佳。', '3.懂雲端暨大數據資料分析相關應用。', '也歡迎碩博士在校學生Apply，我們彈性的工時可以讓您兼顧學業與工作。', '[有相關開發經驗者優先錄取]', '(面試時需能Demo作品-金融相關尤佳)']"
旭峻資訊有限公司,https://www.104.com.tw/company/1a2x6bjda4,WEB程式實習生-學生實習,https://www.104.com.tw/job/ajax/content/6y6bd,"['上班族', '應屆畢業生', '日間就讀中', '夜間就讀中', '原住民', '二度就業', '學生實習']",不拘,高中以下、高中、專科、大學,無,無,無,無,無
Boar Technology Pte. Itd.,https://www.104.com.tw/company/1a2x6bkokv,海外求職海外企業內勤/儲備幹部（視能力分配岡位）可以加上聯繫方式 詳談,https://www.104.com.tw/job/ajax/content/6phtb,"['上班族', '應屆畢業生', '外籍人士', '原住民']",不拘,高中、專科、大學,無,['中文:聽 /精通、說 /精通、讀 /精通、寫 /精通'],"['Excel', 'Word']",無,無
Boar Technology Pte. Itd.,https://www.104.com.tw/company/1a2x6bkokv,爬蟲開發工程師,https://www.104.com.tw/job/ajax/content/6pbnq,"['上班族', '應屆畢業生', '日間就讀中', '夜間就讀中', '研發替代役', '外籍人士', '原住民', '學生實習']",不拘,專科以上,無,無,"['AJAX', 'HTML', 'JavaScript']",無,"['1、全日制本科以上，電腦相關專業具備1年及以上開發項目經驗；', '2、扎實的Java/Python基礎，熟悉多執行緒程式設計環境，熟悉常見開源框架；', '3、熟悉前端技術，HTML，JavaScript，Ajax等；', '4、熟悉抓取原理及技術，熟悉Scrapy、Pyspider、nutch等主流爬蟲框架使用,有獲取電商數據經驗者優先；', '5、熟練使用Mysql', '、mongodb、', 'Redis等資料庫；', '6、具有構建分散式爬蟲系統的經驗，具有海量高並發網頁爬取項目經驗優先;', '7、具備較好的資料分析能力和解決問題的能力、具有機器學習、資料採擷等經驗者優先。']"
Boar Technology Pte. Itd.,https://www.104.com.tw/company/1a2x6bkokv,【柬埔寨金邊】軟體開發/App工程師,https://www.104.com.tw/job/ajax/content/6r16v,"['上班族', '應屆畢業生', '外籍人士', '原住民']",不拘,高中以上,無,['中文:聽 /精通、說 /精通、讀 /精通、寫 /精通'],"['Mac OS', 'Excel']",無,無
Morning Air Technology PTE.LTD,https://www.104.com.tw/company/1a2x6bkys7,【儲備幹部】柬埔寨職缺,https://www.104.com.tw/job/ajax/content/6prh1,"['上班族', '應屆畢業生', '外籍人士', '原住民', '二度就業']",2年以上,專科、大學、碩士,無,無,無,無,"['。男女不拘，歡迎加入本公司', '。公司提供到職機票，簽證(落地簽/商務簽證)，及當地勞工證(工作證)', '。入職滿半年後，兩次帶薪年假(每次12天)，公司提供來回機票', '。提供酒店式公寓', '(2人一間）', '。餐食（早/中/晚餐，三餐）', '。上下班後勤專車接送', '。双薪｜三薪', '。年終獎金（至少一個月按比例發放）', '(', '薪資皆為稅後實領，不另扣', '&', '試用期兩個月', '/', '優秀者另議', ')']"
艾得基客行銷顧問股份有限公司,https://www.104.com.tw/company/1a2x6bi2px,廣告技術工程師,https://www.104.com.tw/job/ajax/content/6ofr4,"['上班族', '應屆畢業生']",1年以上,大學、碩士,"['資訊管理相關', '其他大眾傳播相關', '數學及電算機科學學科類']",無,"['DHTML', 'HTML', 'JavaScript', 'jQuery', 'CSS', 'Sublime']","['軟體程式設計', '網路程式設計', '資料庫程式設計']","['1.廣告媒體追蹤經驗，或是前端網頁程式設計', 'HTML5', '/', 'Javascript', '/', 'Chrome', 'Dev', 'Tools.', '2.熱愛加強自身能力，從日常中學習或是自我提升.', '3.具有良好的學習動機.', '4.具有解決問題的能力.', '加分項目:', '對', 'Marketing', 'Technology', '有興趣.', '曾接觸', '網路爬蟲', '.', '曾接觸', 'Google', 'Tag', 'Manger.', '曾接觸', 'Google', 'Analytic.', '曾接觸', 'FB', 'pixel', 'code.', '曾接觸', 'Google', 'remarketing', 'tag.', '曾接觸', '其他相關廣告', 'tracking', 'code.', '熟悉', 'Facebook、Google', 'Ads、Yahoo', '等主流廣告媒體', '了解一個以上的', 'DSP', '媒體']"
亞利安紙業股份有限公司,https://www.104.com.tw/company/7jr5suo,業務資料分析（高級）工程師,https://www.104.com.tw/job/ajax/content/2u61r,"['上班族', '應屆畢業生']",1年以上,大學以上,無,無,無,無,無
光碩資訊有限公司,https://www.104.com.tw/company/1a2x6bkypk,爬蟲開發工程師,https://www.104.com.tw/job/ajax/content/6vafg,"['上班族', '應屆畢業生']",2年以上,不拘,無,無,無,無,無
向上國際科技股份有限公司,https://www.104.com.tw/company/b7j4cx4,BI工程師/資料分析師,https://www.104.com.tw/job/ajax/content/6titr,['上班族'],2年以上,專科以上,"['數理統計相關', '資訊工程相關', '應用數學相關']",無,"['Python', 'R', 'MS SQL', 'Tableau']",無,"['-', '本科以上學歷（信息技術，計算機科學，軟件工程，應用數學，統計，管理）', '-', '2年以上資料工程、資料分析、或BI的經驗', '-', '具有在24/7生產環境中使用IT系統的經驗', '-', '具有驅動和交付新功能以改善業務部門運營的經驗', '-', '具有統計相關知識，可運用方法論進行資料分析', '加分技能：', '-', '具有Python、R經驗優先', '-', '熟悉機器學習/時間序列模型/網路爬蟲/自然語言處理，或有相關實作經驗', '-', '較強的溝通，表達，組織和促進技能（包括在業務和技術需求之間“轉換”的能力）', '-', '商業智能知識：SQL，Tableau', '-', '了解項目生命週期和應用程序生命週期方法']"
Morning Air Technology PTE.LTD,https://www.104.com.tw/company/1a2x6bkys7,【爬蟲開發工程師】柬埔寨首都金邊職缺,https://www.104.com.tw/job/ajax/content/6pg3p,"['上班族', '應屆畢業生', '原住民', '二度就業']",2年以上,大學以上,無,無,無,無,"['1.全日制本科以上，電腦相關專業具備1年及以上開發專案經驗；', '2.扎實的Java/Python基礎，熟悉多執行緒程式設計環境，熟悉常見開源框架；', '3.熟悉前端科技，HTML，JavaScript，Ajax等；', '4.熟悉抓取原理及科技，熟悉Scrapy、Pyspider、nutch等主流爬蟲框架使用，有獲取電商數據經驗者優先；', '5.熟練使用Mysql、mongodb、Redis等資料庫；', '6.具有構建分佈式爬蟲系統的經驗，具有海量高併發網頁爬取項目經驗優先；', '7.具備較好的資料分析能力和解决問題的能力、具有機器學習、資料挖掘等經驗者優先。']"
智邦科技股份有限公司,https://www.104.com.tw/company/a5hcezc,軟體研發-軟體工程師,https://www.104.com.tw/job/ajax/content/6d5kr,['上班族'],不拘,大學、碩士,"['資訊工程相關', '應用數學相關', '電機電子工程相關']",無,無,無,"['-', '具分析問題定義與解決能力,', '有很強的算法實現能力。', '-', '熟悉Web', '數據抓取(HTTP)、解析網路(lxml、XPath)爬蟲開發經驗', '。', '-', '熟悉網路通訊相關協定。', '-', '熟悉', 'VMware,', 'OpenStack', '和ONF。']"
台灣之星電信股份有限公司,https://www.104.com.tw/company/wiedfdk,03_大數據科學家,https://www.104.com.tw/job/ajax/content/5amyj,"['上班族', '原住民']",2年以上,大學、碩士,無,無,無,無,"['(1)', '資料庫語言', '(SQL)', '(2)', 'ETL', '工具', '(Trinity)', '(3)', '爬網程式', '(Python)', '(4)', 'Data', 'Mining', '(R/SAS/SPSS)', '(5)', 'Data', 'Modeling', '(6)', '熟悉大數據架構(HDFS)', '(7)', '統計分析專業知識', '(8)', '掌握各產業知識']"
香港商慧科訊業有限公司台灣分公司,https://www.104.com.tw/company/wiisc20,[R&D] 軟體工程師 - 數據採集,https://www.104.com.tw/job/ajax/content/6gd97,"['上班族', '應屆畢業生']",不拘,大學、碩士,"['資訊工程相關', '資訊管理相關', '電機電子工程相關']",無,無,無,無
凡谷興業有限公司,https://www.104.com.tw/company/1a2x6bi8ln,網頁爬蟲工程師,https://www.104.com.tw/job/ajax/content/6ww66,"['上班族', '應屆畢業生']",不拘,大學以上,無,['英文:聽 /中等、說 /中等、讀 /中等、寫 /中等'],"['Node.js', 'ReactJS', 'VueJS']",無,"['必備:', '1.操作網頁DOM元件經驗', '2.Node.js開發經驗', '3.Git版本控制系統', '加分:', '1.', 'React', 'Vue', '開發經驗']"
